id,player_name
34495,Adriano (1984)
5876,Adriano (1982)
105470,Alisson
31645,Anderson
277179,Angelino
602105,Antony
44699,Antunes
52947,Breno
5937,Cafu
16306,Casemiro
38893,Ceara
50935,Chicharito
26101,Cicinho
312862,Dalbert
145707,Danilo (1991)
8564,Deco
109,Dede
42352,Denilson (1988)
109038,Dodo (1992)
20392,Doni
58426,Douglas (1990)
238223,Ederson (1993)
110,Evanilson (1975)
225693,Fabinho (1993)
26267,Fernandinho
191614,Fred
7609,Geovanni
33481,Gervinho
18734,Gilberto (1976)
7530,Guti
13886,Hilario
85288,Isco
2758,Jaime
134936,Jese
102017,Jorginho (1991)
3366,Kaka
68821,Keirrison
281404,Kenedy (1996)
74229,Koke
3189,Lauren
77,Lucio
18301,Maicon (1981)
15291,Mancini
44501,Marcelo
181767,Marquinhos (1994)
4317,Maxwell
4329,Mido
33357,Miranda
33706,Nani
111819,Neto
68290,Neymar
7916,Oleguer
57229,Paulinho (1988)
683840,Pedri
65278,Pedro (1987)
14132,Pepe (1983)
33947,Rafinha (1985)
54170,Ramires
627226,Reinier
15511,Robinho
357565,Rodri
412363,Rodrygo
3373,Ronaldinho
84511,Silvio
8019,Simao
111961,Suso
4328,Wamberto
52769,Willian
7607,Xavi
52119,Patrick van Aanholt
16631,Ignazio Abate
3507,Christian Abbiati
5283,Eric Abidal
331726,Tammy Abraham
131075,Francesco Acerbi
44062,Antonio Adan
8883,Emmanuel Adebayor
395236,Yacine Adli
15760,Ibrahim Afellay
7821,David Aganzo
22832,Daniel Agger
180478,Massimo Agostini
569384,Lucien Agoume
26399,Sergio Aguero
384807,Thomas Agyepong
284730,Manuel Akanji
177476,Nathan Ake
197642,Chuba Akpom
59016,David Alaba
69751,Jordi Alba
3390,Demetrio Albertini
60444,Thiago Alcantara
42710,Toby Alderweireld
314353,Trent Alexander-Arnold
7700,Pablo Alfaro
34334,Enrico Alfonso
149945,Jimmy Algerino
3266,Jeremie Aliadiere
207929,Dele Alli
16621,Manuel Almunia
112515,Marcos Alonso (1990)
7476,Xabi Alonso
15951,Dani Alves
5818,Massimo Ambrosini
16810,Marco Amelia
104046,Guillermo Amor
4150,Nicola Amoruso
36356,Marco Andreolli
3226,Nicolas Anelka
55854,Cristian Ansaldi
45565,Luca Antonelli
6792,Luca Antonini
5957,Alberto Aquilani
27492,Sergio Aragoneses
28260,Alvaro Arbeloa
120629,Alphonse Areola
3525,Sylvain Armand
41384,Marko Arnautovic
192279,Kepa Arrizabalaga
7451,Mikel Arteta
63531,Kwadwo Asamoah
296622,Marco Asensio
18310,Benoit Assou-Ekotto
87210,Davide Astori
2887,Thimothee Atouba
58864,Pierre-Emerick Aubameyang
256339,Emil Audero
7570,Fabio Aurelio
127032,Serge Aurier
295313,Taiwo Awoniyi
57500,Cesar Azpilicueta
5815,Ibrahim Ba
224884,Abdul Rahman Baba
4831,Tijani Babangida
16135,Ryan Babel
54659,Holger Badstuber
164897,Jean-Christophe Bahebeck
286384,Eric Bailly
182618,Tiemoue Bakayoko
198589,Lewis Baker
7935,Jose Mari Bakero
39381,Gareth Bale
3693,Salva Ballesta
45146,Mario Balotelli
21876,Federico Balzaretti
183334,Patrick Bamford
12249,Ever Banega
15952,Julio Baptista
15773,Phil Bardsley
255942,Nicolo Barella
131978,Ross Barkley
3222,Nick Barmby
3290,Graham Barrett
3291,Gareth Barry
99922,Marc Bartra
40979,Ahmed Barusso
7109,Andrea Barzagli
315853,Alessandro Bastoni
179184,Michy Batshuayi
102030,Peter Beardsley
3139,David Beckham
288255,Donny van de Beek
33873,Asmir Begovic
3297,Craig Bellamy
191217,Hector Bellerin
3639,Djamel Belmadi
5782,Emre Belozoglu
45124,Medhi Benatia
7858,Yossi Benayoun
29993,Sven Bender
34557,Nicklas Bendtner
351816,Ismael Bennacer
354362,Rodrigo Bentancur
3205,David Bentley
18922,Karim Benzema
65,Dimitar Berbatov
541231,Sepp van den Berg
4312,Andre Bergdolmo
284165,Steven Bergwijn
197300,Federico Bernardeschi
126719,Juan Bernat
21752,Tommaso Berni
102473,Nicola Berti
99227,Andrea Bertolacci
40611,Ryan Bertrand
45567,Jonathan Biabiany
7927,Luigi Di Biagio
56693,Raffaele Bianco
287247,Krystian Bielik
28009,Jonatan Binotto
124555,Cristiano Biraghi
128898,Jamal Blackman
6090,Manuele Blasi
29835,Jakub Blaszczykowski
12282,Daley Blind
31393,Sandro Bloudek
26485,Jerome Boateng
16922,Kevin-Prince Boateng
3518,Frank de Boer
3519,Ronald de Boer
3155,Winston Bogarde
69642,Nicolai Boilesen
3515,Mark van Bommel
4291,Samuele Dalla Bona
57280,Giacomo Bonaventura
5856,Daniele Bonera
17173,Riccardo Bonetto
19119,Landry Bonnefoi
39983,Leonardo Bonucci
96754,Fabio Borini
5825,Marco Borriello
26239,Pedro Botelho
88262,Dedryck Boyata
156521,Laurentiu Branescu
40423,Claudio Bravo
3771,Raul Bravo
371247,Gabriel Brazao
21838,Julien Brellier
3682,Wayne Bridge
5868,Matteo Brighi
5812,Cristian Brocchi
13509,Michael Brown
3405,Wes Brown
156617,Marcelo Brozovic
88755,Kevin De Bruyne
3802,Goran Bunjevcevic
3417,Nicolas Burdisso
59027,Roman Burki
65230,Sergio Busquets
3543,Nicky Butt
4740,Daniel Van Buyten
19948,Willy Caballero
54935,Martin Caceres
27511,Gary Cahill
37834,Felipe Caicedo
262523,Davide Calabria
197470,Mattia Caldara
126414,Hakan Calhanoglu
10006,Garcia Calvo
5474,Zoumana Camara
7520,Esteban Cambiasso
5762,Mauro Camoranesi
131248,Joel Campbell
3198,Sol Campbell
3274,Ivan Campo
119296,Emre Can
182712,Joao Cancelo
5939,Vincent Candela
25488,Antonio Candreva
3699,Paolo Di Canio
5775,Fabio Cannavaro
146752,Gianluca Caprari
177667,Angelo Carbone
16811,Giuseppe Cardone
13444,Fabian Carini
3597,Jamie Carragher
140776,Yannick Carrasco
3878,Michael Carrick
14555,Scott Carson
341049,Cameron Carter-Vickers
138927,Daniel Carvajal
9828,Ricardo Carvalho
3979,Iker Casillas
150434,Chris Casper
5962,Antonio Cassano
16975,Marco Cassetti
54929,Leandro Castan
62358,Luca Castiglia
15882,Benoit Cauet
121280,Steven Caulker
48280,Edinson Cavani
15799,Santi Cazorla
319745,Dani Ceballos
5658,Petr Cech
44709,Paolo De Ceglie
7521,Albert Celades
348795,Giovani Lo Celso
21748,Alessio Cerci
22412,Julio Cesar (1979)
30945,Julio Cesar (1963)
5557,Paulo Cesar (1978)
3658,Luke Chadwick
128900,Nathaniel Chalobah
215118,Calum Chambers
5805,Jose Chamot
43458,Clement Chantome
107083,Laurent Charvet
29260,Giorgio Chiellini
5745,Antonio Chimenti
4314,Cristian Chivu
45660,Eric-Maxim Choupo-Moting
9682,Lampros Choutos
196948,Andreas Christensen
146227,Jasper Cillessen
3800,Edouard Cisse
13406,Tim de Cler
73484,Tom Cleverley
7449,Gael Clichy
101322,Nigel Clough
85177,Nathaniel Clyne
3508,Francesco Coco
33648,Fabio Coentrao
3238,Andy Cole
3182,Ashley Cole
3179,Carlton Cole
3876,Joe Cole
6150,Fabricio Coloccini
43411,Roberto Colombo
5836,Francesco Colonnese
243714,Kingsley Coman
39717,Diego Contento
111227,Andrea Conti
7771,Pedro Contreras
13404,Terry Cooke
5986,Ferdinando Coppola
74869,Francis Coquelin
16633,Alex Cordaz
96630,Ante Coric
34393,Vedran Corluka
5851,Bernardo Corradi
266807,Angel Correa
44779,Diego Costa
75615,Douglas Costa
176010,Tony Coton
108390,Thibaut Courtois
80444,Philippe Coutinho
627228,Yan Couto
199248,Bryan Cristante
4072,Peter Crouch
7436,Jordi Cruyff
6006,Julio Cruz
215,Roque Santa Cruz
91970,Juan Cuadrado
284857,Marc Cucurella
3151,Carlo Cudicini
5945,Leandro Cufre
19051,Jason Culina
24001,Gianluca Curci
6157,Gaetano D'Agostino
55769,Danilo D'Ambrosio
3904,Ousmane Dabo
3572,Olivier Dacourt
460629,Colin Dagba
15458,Daniele Daino
7259,Stephane Dalmat
357147,Diogo Dalot
47873,Cristian Daminuta
54906,Matteo Darmian
5758,Edgar Davids
424204,Alphonso Davies
192765,Ben Davies (1993)
4056,Simon Davies
9988,Michael Dawson
3875,Jermain Defoe
2895,Philipp Degen
60220,Matej Delac
5961,Marco Delvecchio
19368,Mousa Dembele
288230,Ousmane Dembele
1368,Guy Demel
2963,Martin Demichelis
167850,Memphis Depay
224529,Stefano Desideri
361104,Sergino Dest
129476,Gerard Deulofeu
26763,Abou Diaby
229005,Abdou Diallo
3600,Salif Diao
1327,Alou Diarra
23914,Lassana Diarra
5571,Kaba Diawara
314678,Brahim Diaz
225020,Mariano Diaz
9221,Paul Dickov
175722,Eric Dier
176626,Fraser Digby
126664,Lucas Digne
139208,Virgil van Dijk
198116,Federico Dimarco
56621,Marcus Diniz
3356,Sylvain Distin
117190,Kerry Dixon
3659,Bojan Djordjic
34561,Johan Djourou
6427,Marco Donadel
102474,Roberto Donadoni
5870,Massimo Donati
15832,Fangzhuo Dong
88685,Antonio Donnarumma
315858,Gianluigi Donnarumma
18036,Nicolas Douchez
85148,Julian Draxler
35631,Royston Drenthe
73491,Danny Drinkwater
3924,Didier Drogba
3209,Jerzy Dudek
93922,Erik Durm
6723,Richard Dutruel
206050,Paulo Dybala
28396,Edin Dzeko
24635,Chris Eagles
13058,Emmanuel Eboue
197,Stefan Effenberg
198,Giovane Elber
160438,Mohamed Elneny
20586,Urby Emanuelson
47344,Eyong Enoh
35571,Jose Enrique
4227,Stefano Eranio
69633,Christian Eriksen
3856,Juan Esnaider
84565,Dennis Esposito
538918,Sebastiano Esposito
50198,Oussama Essabr
5588,Michael Essien
4257,Samuel Eto'o
102475,Alberico Evani
42412,Jonny Evans
5285,Patrice Evra
7639,Santiago Ezquerro
29692,Lukasz Fabianski
8806,Cesc Fabregas
3887,Khalilou Fadiga
39152,Radamel Falcao
59340,Iago Falque
5785,Javier Farinos
45314,Federico Fazio
462250,Joao Felix
39679,Marouane Fellaini
3645,Les Ferdinand
3235,Rio Ferdinand
5860,Matteo Ferrari
9832,Paulo Ferreira
1986,Markus Feulner
45576,Attila Filkor
4038,Steve Finnan
131789,Roberto Firmino
17396,Mathieu Flamini
145922,Jon Flanagan
3547,Darren Fletcher
130365,Alessandro Florenzi
406635,Phil Foden
151825,Daniel Fonseca
3408,Diego Forlan
3127,Mikael Forssell
3541,Quinton Fortune
13572,Ben Foster
315131,Timothy Fosu-Mensah
3225,Robbie Fowler
7669,Leo Franco
5754,Salvatore Fresi
3990,Steffen Freund
5854,Sebastien Frey
336307,Christian Fruchtl
17879,Marton Fulop
323167,Matteo Gabbia
197471,Roberto Gagliardini
38954,Fernando Gago
4319,Tomas Galasek
116705,Giuseppe Galderisi
150552,Alberto Gallinetta
142521,Enzo Gambaro
27389,Kevin Gameiro
15272,Maurizio Ganz
7608,Dani Garcia
466794,Eric Garcia
36350,Javi Garcia
7920,Luis Garcia
7897,Oscar Garcia
7737,Pablo Garcia
3206,Ryan Garry
7096,Daniele Gastaldello
59377,David de Gea
3374,Njitap Geremi
3109,Steven Gerrard
118254,Giuseppe Giannini
44792,Kieran Gibbs
34562,Kerrea Gilbert
250845,Jose Maria Gimenez
147034,Marco van Ginkel
52312,Sebastian Giovinco
82442,Olivier Giroud
5299,Ludovic Giuly
159471,Serge Gnabry
336704,Assane Demoya Gnoukouri
3353,Shaun Goater
54928,Diego Godin
150650,Jon Andoni Goikoetxea
19059,Heurelho Gomes
256178,Joe Gomez
366930,Sergio Gomez
153084,Leon Goretzka
1742,Andreas Gorlitz
74842,Mario Gotze
3644,Raimond van der Gouw
6395,Mattia Graffiedi
44065,Esteban Granero
13789,Danny Granville
20083,Xavier Gravelaine
478573,Ryan Gravenberch
532826,Mason Greenwood
301238,Michele Di Gregorio
125781,Antoine Griezmann
15297,Gilles Grimandi
12626,David Grondin
3137,Jesper Gronkjaer
227658,Gabriele Grossi
6091,Fabio Grosso
222813,Marko Grujic
6833,Zdenek Grygera
5950,Pep Guardiola
3176,Eidur Gudjohnsen
170986,Raphael Guerreiro
5787,Andres Guglielminpietro
98596,John Guidetti
57071,Peter Gulacsi
4676,Cedric van der Gun
53622,Ilkay Gundogan
19228,Tomas Guzman
418560,Erling Haaland
398073,Achraf Hakimi
226074,Alen Halilovic
919,Dietmar Hamann
21490,Mounir El Hamdaoui
28021,Samir Handanovic
201,Owen Hargreaves
107196,Steve Harkness
40204,Joe Hart
50202,Eden Hazard
102226,Thorgan Hazard
34130,Tom Heaton
113,Jorg Heinrich
5555,Gabriel Heinze
4315,Johnny Heitinga
3210,Stephane Henchoz
61651,Jordan Henderson
3207,Thierry Henry
281769,Mario Hermoso
281963,Lucas Hernandez
339808,Theo Hernandez
99343,Ander Herrera
39153,Gonzalo Higuain
597,Aleksandr Hleb
23934,Guillaume Hoarau
13584,Peter Hoekstra
176473,Graeme Hogg
167799,Pierre-Emile Hojbjerg
253341,Rob Holding
44793,Gavin Hoyte
7335,Justin Hoyte
13465,Tom Huddlestone
392768,Callum Hudson-Odoi
8022,Mark Hughes
39728,Mats Hummels
4357,Klaas-Jan Huntelaar
5904,Vincenzo Iaquinta
3455,Zlatan Ibrahimovic
68863,Mauro Icardi
4647,Pius Ikedia
429790,Luka Ilic
105521,Ciro Immobile
3248,Paul Ince
7600,Andres Iniesta
45599,Emiliano Insua
6590,Andreas Isaksson
5750,Mark Iuliano
36827,Branislav Ivanovic
28335,Christophe Jallet
3646,David James
472423,Reece James (1999)
202,Carsten Jancker
29556,Robert Jarni
3461,Jermaine Jenas
126321,Carl Jenkinson
363205,Gabriel Jesus
121985,Juan Jesus (1991)
3881,Glen Johnson
110864,Sam Johnstone
433188,Curtis Jones
117996,Phil Jones
326330,Frenkie de Jong
4672,Nigel de Jong
45509,Siem de Jong
7915,Albert Jorquera
340950,Diogo Jota
257462,Luka Jovic
177862,Charly Musonda Jr.
37499,Fabio Junior
371998,Vinicius Junior
28261,Jose Manuel Jurado
27114,Younes Kaboul
81785,Shinji Kagawa
74297,Gael Kakuta
3430,Kakhaber Kaladze
45113,Patrick Kalambay
148657,Tomas Kalas
7971,Salomon Kalou
585949,Pierre Kalulu
132098,Harry Kane
154287,Todd Kane
225083,N'Golo Kante
13392,Chris Kanu
3133,Nwankwo Kanu
7619,Aitor Karanka
85864,Loris Karius
4130,Talal El Karkouri
205006,Rick Karsdorp
364135,Moise Kean
3144,Robbie Keane
3396,Roy Keane
410,Sebastian Kehl
302215,Naby Keita
5486,Seydou Keita
340918,Caoimhin Kelleher
78959,Martin Kelly
3488,Mark Kennedy
3184,Martin Keown
294808,Franck Kessie
3241,Harry Kewell
4358,Mateja Kezman
21822,Houssine Kharja
29401,Sami Khedira
161056,Joshua Kimmich
282041,Presnel Kimpembe
3360,Ledley King
3219,Chris Kirkland
3474,Jovan Kirovski
48859,Simon Kjaer
182932,Davy Klaassen
16980,Jurgen Klinsmann
3442,Stefan Klos
330659,Justin Kluivert
6230,Richard Knopper
46156,Aleksandar Kolarov
94005,Sead Kolasinac
1157,Jan Koller
9594,Vincent Kompany
3296,Paul Konchesky
127189,Geoffrey Kondogbia
76277,Laurent Koscielny
75,Robert Kovac
51471,Mateo Kovacic
73092,Rene Krhin
1270,Florian Kringe
369684,Rasmus Kristensen
44675,Bojan Krkic
31909,Toni Kroos
259953,Rade Krunic
20264,Marc-Andre Kruska
208,Samuel Kuffour
431755,Dejan Kulusevski
126710,Layvin Kurzawa
1320,Tomasz Kuszczak
4010,Dirk Kuyt
93720,Alexandre Lacazette
2219,Philipp Lahm
43530,Adam Lallana
111630,Erik Lamela
3163,Frank Lampard
49347,Mitchell Langerak
176553,Aymeric Laporte
19244,Luigi Lavecchia
230552,Diego Laxalt
5562,Hugo Leal
357164,Rafael Leao
5925,Nicola Legrottaglie
122,Jens Lehmann
82243,Moritz Leitner
41414,Lucas Leiva
2233,Christian Lell
205562,Thomas Lemar
182904,Clement Lenglet
14221,Aaron Lennon
5563,Jerome Leroy
4241,Joleon Lescott
5550,Lionel Letizi
38253,Robert Lewandowski
2865,Stephan Lichtsteiner
326031,Matthijs de Ligt
22491,Anders Lindegaard
184573,Victor Lindelof
29456,Rasmus Lindgren
141660,Jesse Lingard
210,Bixente Lizarazu
5556,Francis Llacer
246291,Diego Llorente
35564,Fernando Llorente
282411,Marcos Llorente
17965,Hugo Lloris
4310,Bogdan Lobont
265088,Manuel Locatelli
202886,Ruben Loftus-Cheek
34370,Diego Lopez (1981)
7599,Gerard Lopez
26263,Maxi Lopez
286415,Pau Lopez
226081,Fabrizio Lorieri
37838,Dejan Lovren
7555,Peter Luccin
21725,Filipe Luis
46741,David Luiz
447661,Douglas Luiz
96341,Romelu Lukaku
404839,Andriy Lunin
3916,Peguy Luyindula
220491,Matt Macey
61887,Federico Macheda
4080,Jon Macken
177907,Harry Maguire
171424,Riyad Mahrez
182906,Mike Maignan
16851,Giampiero Maini
285845,Ainsley Maitland-Niles
5461,Florent Malouda
308278,Rey Manaj
38100,Michael Mancienne
256448,Gianluca Mancini
308279,Rolando Mandragora
34572,Mario Mandzukic
200512,Sadio Mane
5850,Christian Manfredini
90681,Eliaquim Mangala
5278,Alexander Manninger
33781,Vito Mannone
104752,Konstantinos Manolas
5930,Massimo Marazzina
44716,Claudio Marchisio
16651,Enzo Maresca
6194,Jose Mari
210178,Pablo Mari
45320,Angel Di Maria
144303,Lazar Markovic
2904,Rafa Marquez
124769,Luca Marrone
182877,Anthony Martial
655488,Gabriel Martinelli
111873,Emiliano Martinez
44017,Javi Martinez
55800,Jorge Martinez
406625,Lautaro Martinez
480762,Lisandro Martinez
19981,Javier Mascherano
44068,Juan Mata
74683,Nemanja Matic
82105,Joel Matip
40660,Alessandro Matri
1527,Lothar Matthaus
33923,Blaise Matuidi
3538,David May
298976,Borja Mayoral
340456,Noussair Mazraoui
342229,Kylian Mbappe
26415,Patrick Mboma
128905,Josh McEachran
150453,Pat McGibbon
315969,Scott McTominay
3158,Mario Melchiot
362842,Arthur Melo
35537,Felipe Melo
8538,Tiago Mendes
477,Alberto Mendez
157495,Benjamin Mendy
3707,Bernard Mendy
291417,Ferland Mendy
16993,Jeremy Menez
42920,Fran Merida
338424,Mikel Merino
6710,Per Mertesacker
28003,Lionel Messi
123,Christoph Metzelder
100986,Thomas Meunier
5422,Philippe Mexes
3772,Andy van der Meyde
21888,Luca Mezzano
6097,Fabrizio Miccoli
50219,Simon Mignolet
30739,John Obi Mikel
191891,Arkadiusz Milik
401530,Eder Militao
22202,Diego Milito
3743,Danny Mills
3333,James Milner
7516,Oscar Minambres
22141,Antonio Mirante
7433,Nicolae Mitea
55735,Henrikh Mkhitaryan
27992,Luka Modric
30646,Luca Mondini
43003,Nacho Monreal
5960,Vincenzo Montella
19446,Riccardo Montolivo
128223,Alvaro Morata
183078,Fabrice Moreau
326363,Andre Moreira
207917,Alberto Moreno
388513,Mateu Morey
5786,Domenico Morfeo
7531,Fernando Morientes
59866,Victor Moses
30333,Marco Motta
7602,Thiago Motta
346483,Mason Mount
77100,Lucas Moura
58358,Thomas Muller
17129,Sulley Muntari
580195,Jamal Musiala
5879,Adrian Mutu
41242,David N'Gog
3964,Bruno N'Gotty
79522,Yuto Nagatomo
41982,Radja Nainggolan
18935,Samir Nasri
91795,Stefano Nava
79422,Keylor Navas
450936,Tanguy Ndombele
18644,Alvaro Negredo
340325,Reiss Nelson
469822,David Neres
17259,Manuel Neuer
157501,M'Baye Niang
107096,Steve Nicol
148928,Saul Niguez
3407,Ruud van Nistelrooy
340324,Eddie Nketiah
344381,Christopher Nkunku
22203,Antonio Nocerino
5333,Pascal Nouma
195778,Alexander Nubel
4313,John O'Brien
150458,John O'Kane
3540,John O'Shea
45581,Joel Obi
121483,Jan Oblak
189441,Lucas Ocampos
5837,Massimo Oddo
316264,Martin Odegaard
280730,Alvaro Odriozola
130354,Nnamdi Oduamadi
236510,Sheyi Ojo
35249,Stefano Okaka
8176,Oier Olazabal
127,Sunday Oliseh
181779,Wallace Oliveira
5768,Ruben Olivera
131708,Kenneth Omeruo
234509,Andre Onana
4345,Andre Ooijer
148368,Divock Origi
160215,Pierluigi Orlandini
175938,Massimo Orlando
21797,Paolo Orlandoni
73396,David Ospina
54781,Nicolas Otamendi
14856,Andreas Ottl
1397,Michael Owen
2374,Patrick Owomoyela
143424,Alex Oxlade-Chamberlain
35664,Mesut Ozil
27807,Daniele Padelli
39099,Rodrigo Palacio
30767,Gabriel Paletta
106917,Gary Pallister
12563,Goran Pandev
19719,Marko Pantelic
222830,Danilo Pantic
5940,Christian Panucci
34322,Sokratis Papastathopoulos
166237,Leandro Paredes
4592,Ji-sung Park
101381,Paul Parker
3785,Scott Parker
3208,Ray Parlour
7100,Matteo Paro
230784,Thomas Partey
205938,Mario Pasalic
62379,Cristian Pasquato
55215,Javier Pastore
37579,Alexandre Pato
149498,Gabriel Paulista
7364,Veljko Paunovic
353366,Benjamin Pavard
7517,Francisco Pavon
5936,Ivan Pelizzoli
286297,Lorenzo Pellegrini
346567,Luca Pellegrini (1999)
7573,Mauricio Pellegrino
8037,Ivan de la Pena
3195,Jermaine Pennant
17249,Simone Pepe
203394,Andreas Pereira
148751,Bruno Peres
110923,Mattia Perin
42460,Ivan Perisic
54984,Diego Perotti
5922,Simone Perrotta
4380,Robin van Persie
670,Martin Petrov
371814,Nat Phillips
176485,Lucas Piazon
28029,Felice Piccolo
4321,Steven Pienaar
77354,Kevin Pilkington
315865,Andrea Pinamonti
7358,Javier Pinola
75411,Carlo Pinsoglio
7537,Jose Manuel Pinto
18944,Gerard Pique
3185,Robert Pires
5817,Andrea Pirlo
25727,Lukasz Piszczek
532,Claudio Pizarro
5896,David Pizarro
224590,Fausto Pizzi
205940,Marko Pjaca
44162,Miralem Pjanic
392538,Tommaso Pobega
15185,Lukas Podolski
122153,Paul Pogba
44834,Andrea Poli
165895,Matteo Politano
553875,Pedro Porro
1443,Christian Poulsen
8013,Robert Prosinecki
315779,Christian Pulisic
7594,Carles Puyol
4188,Ricardo Quaresma
182913,Adrien Rabiot
303657,Andrei Radu
35934,Slobodan Rajkovic
32467,Ivan Rakitic
25557,Sergio Ramos
50057,Aaron Ramsey
44327,Andrea Ranocchia
258923,Marcus Rashford
3424,Jamie Redknapp
282429,Sergio Reguilon
7825,Pepe Reina
17990,Knut Reinhardt
2421,Michael Rensing
35207,Marco Reus
13356,Martijn Reuser
7717,Jose Antonio Reyes
124883,Ricardo van Rhijn
22068,Franck Ribery
32617,Micah Richards
3548,Kieran Richardson
131,Lars Ricken
207302,Sergio Rico
7373,Albert Riera
3220,John Arne Riise
4360,Arjen Robben
85370,Sergi Roberto
234803,Andrew Robertson
13644,Mark Robins
175583,David Rocastle
6026,Tommaso Rocchi
44466,Sebastian Rode
33448,Cristian Rodriguez
88103,James Rodriguez
7895,Maxi Rodriguez
93176,Marcos Rojo
197747,Alessio Romagnoli
355915,Cristian Romero
30690,Sergio Romero
66100,Oriol Romeu
8198,Cristiano Ronaldo
3332,Wayne Rooney
50174,Danny Rose
132,Tomas Rosicky
5947,Daniele De Rossi
5300,Jerome Rothen
476344,Emerson Royal
86202,Antonio Rudiger
162959,Daniele Rugani
229604,Geronimo Rulli
145743,Ian Rush
337715,Umar Sadiq
381950,Alexis Saelemaekers
26764,Bacary Sagna
213,Willy Sagnol
4015,Louis Saha
31095,Nuri Sahin
47713,Mamadou Sakho
148455,Mohamed Salah
7515,Michel Salgado
495666,William Saliba
8141,Julio Salinas
7101,Paolo Sammarco
5938,Walter Samuel
258027,Renato Sanches
40433,Alexis Sanchez
7510,Cesar Sanchez
341429,Davinson Sanchez
84528,Hugo Sanchez
401173,Jadon Sancho
5880,Morgan De Sanctis
79960,Alex Sandro
192565,Leroy Sane
54312,Felipe Santana
84344,Davide Santon
44674,Giovani dos Santos
5941,Luigi Sartor
107010,Stefan Savic
7611,Javier Saviola
35208,Marcel Schmelzer
3397,Paul Scholes
34784,Lasse Schone
39670,Toni Schumacher
58205,Andre Schurrle
8025,Bernd Schuster
2514,Bastian Schweinsteiger
88682,Mattia De Sciglio
6046,Giuseppe Sculli
4168,Clarence Seedorf
175991,Ian Selley
4277,Philippe Senderos
216179,Stefano Sensi
392775,Ryan Sessegnon
94529,Stephan El Shaarawy
86792,Xherdan Shaqiri
183288,Luke Shaw
14068,Paul Shaw
3522,Andriy Shevchenko
241641,Bernardo Silva
35518,David Silva
3194,Gilberto Silva
218118,Lucas Silva
29241,Thiago Silva
3393,Mikael Silvestre
173716,Amara Simba
5841,Diego Simeone
2540,Dario Simic
3524,Marco Simone
4216,Florent Sinama-Pongolle
31552,Scott Sinclair
25508,Salvatore Sirigu
6119,Mohamed Sissoko
46001,Moussa Sissoko
406638,Oliver Skipp
204069,Milan Skriniar
24180,Martin Skrtel
103427,Chris Smalling
4673,Wesley Sneijder
112988,Cedric Soares
258889,Dominic Solanke
34870,Roberto Soldado
91845,Heung-min Son
27394,Alex Song
91716,Frederik Sorensen
7925,Juan Pablo Sorin
20137,Jose Sosa
1536,Paulo Sousa
118689,Leonardo Spinazzola
3559,Graham Stack
3557,Jaap Stam
3428,Dejan Stankovic
80,Tom Starke
3539,Luke Steele
221624,Zack Steffen
74857,Marc-Andre ter Stegen
4311,Maarten Stekelenburg
134425,Raheem Sterling
3246,Michael Stewart
7938,Hristo Stoichkov
186590,John Stones
19136,Marco Storari
116156,Gordon Strachan
68864,Kevin Strootman
167574,Giovanni Stroppa
167859,Stefano Sturaro
47082,Daniel Sturridge
165007,Denis Suarez
44352,Luis Suarez (1987)
40995,Neven Subotic
166601,Niklas Sule
36080,Miralem Sulejmani
3204,Sebastian Svard
44058,Wojciech Szczesny
45287,Adel Taarabt
15342,Rodrigo Taddei
36139,Dusan Tadic
131225,Nicolas Tagliafico
3527,Massimo Taibi
4741,Teemu Tainio
4217,Anthony Le Tallec
346478,Japhet Tanganga
136,Ibrahim Tanko
4050,Mauricio Taricco
3190,Stuart Taylor
255755,Alex Telles
141834,Cristian Tello
3160,John Terry
4276,Carlos Tevez
3304,Ben Thatcher
163053,Mame Thiam
268583,Giuseppe Ticli
4231,Paul Tierney
4544,Ole Tobiasen
190393,Corentin Tolisso
5955,Ivan Tomic
5951,Damiano Tommasi
303254,Fikayo Tomori
6447,Max Tonetto
5980,Luca Toni
7767,Fernando Torres
16635,Juanfran Torres
3202,Kolo Toure
13091,Yaya Toure
61842,Andros Townsend
4318,Hatem Trabelsi
6406,Paolo Tramezzani
131996,Bertrand Traore
3598,Djimi Traore
357,Rene Tretschok
95810,Kieran Trippier
342046,Axel Tuanzebe
5752,Igor Tudor
21369,Arda Turan
40680,Sven Ulreich
126540,Samuel Umtiti
341647,Cengiz Under
3273,Matthew Upson
7589,Victor Valdes
33544,Antonio Valencia
251896,Jesus Vallejo
369081,Federico Valverde
6668,Gerald Vanenburg
338672,Zinho Vanheusden
164770,Raphael Varane
221316,Lucas Vazquez
143812,Matias Vecino
35773,Carlos Vela
111195,Joel Veltman
5798,Nicola Ventola
15904,Thomas Vermaelen
30290,Kenneth Vermeer
3143,Juan Sebastian Veron
102558,Marco Verratti
43250,Jan Vertonghen
37666,Arturo Vidal
19726,Nemanja Vidic
3183,Patrick Vieira
5797,Christian Vieri
6148,Massimiliano Vieri
4755,Gregory Vignal
67090,Didac Vila
30936,Nelson Vivas
24316,Emiliano Viviano
26276,Michel Vorm
111196,Stefan de Vrij
76061,Sime Vrsaljko
130411,Goran Vucevic
6448,Mirko Vucinic
39743,Sandro Wagner
16864,Adewale Dauda Wahab
33713,Theo Walcott
95424,Kyle Walker
3305,Ronnie Wallwork
13547,Gary Walsh
477758,Aaron Wan-Bissaka
3230,Paulo Wanchope
203026,Danny Ward
3308,Stephen Warnock
370846,Timothy Weah
26,Roman Weidenfeller
196792,Julian Weigl
67063,Danny Welbeck
236734,Axel Werner
170527,Timo Werner
282823,Alfie Whiteman
45548,Gregory van der Wiel
49499,Georginio Wijnaldum
117197,Ray Wilkins
503679,Rhys Williams
74223,Jack Wilshere
214104,James Wilson
249126,Harry Winks
4324,Aron Winter
4006,Dennis Wise
35047,Axel Witsel
3329,Pierre Wome
344015,Ben Woodburn
3224,Jonathan Woodgate
3120,Richard Wright
3467,Shaun Wright-Phillips
111455,Granit Xhaka
4326,Abubakari Yakubu
14086,Ashley Young
20007,Pablo Zabaleta
344598,Dan-Axel Zagadou
5767,Marcelo Zalayeta
5783,Cristiano Zanetti
392085,Nicolo Zaniolo
5942,Jonathan Zebina
3173,Boudewijn Zenden
37917,Nabil El Zhar
9915,Reto Ziegler
203853,Oleksandr Zinchenko
435648,Joshua Zirkzee
217111,Hakim Ziyech
157509,Kurt Zouma
22412,Julio Cesar Soares
102023,Dan Petrescu
187492,Julian Brandt
